admin01,main,,,
admin01,side01,,,
admin01,side02,,,
admin01,side03,,,
admin01,,,,타이어
admin01,side03,,,
admin01,,,,타이어
admin01,,,,서울
admin01,side03,,,
admin01,side02,,,
admin01,side02,,,
admin01,side02,,,
admin01,side03,,,
admin01,,,,타이어
admin01,main,,,
admin01,side01,,,
admin01,side02,,,
admin01,side03,,,
admin01,,,,타이어
admin01,side03,,,
admin01,side03,,,
admin01,side03,,,
admin01,side03,,,
admin01,side03,,,
admin01,side03,,,
admin01,side03,,,
admin01,side02,,,
admin01,side01,,,
admin01,main,,,
hong,main,,,
hong,side01,,,
hong,side02,,,
